bagus,1
baik,1
keren,1
mantap,2
luar biasa,2
sempurna,2
suka,1
puas,1
membantu,1
bermanfaat,1
mudah,1
cepat,1
stabil,1
rekomendasi,1
terbaik,2
hebat,1
inovatif,1
efisien,1
andal,1
profesional,1
ramah,1
jelas,1
lengkap,1
menarik,1
nyaman,1
aman,1
murah,1
terjangkau,1
gratis,1
diskon,1
promo,1
untung,1
beruntung,1
bahagia,1
senang,1
gembira,1
tertawa,1
tersenyum,1
optimis,1
positif,1
semangat,1
motivasi,1
inspirasi,1
kreatif,1
solusi,1
pintar,1
cerdas,1
bijak,1
adil,1
jujur,1
sabar,1
ikhlas,1
syukur,1
alhamdulillah,2
masyaallah,2
subhanallah,1
jazakallah,2
terima kasih,1
love,2
recommended,1
excellent,2
amazing,2
great,1
good,1
nice,1
awesome,2
fantastic,2
wonderful,2
happy,1
satisfied,1
helpful,1
useful,1
easy,1
fast,1
stable,1
best,2
innovative,1
efficient,1
reliable,1
professional,1
friendly,1
clear,1
complete,1
interesting,1
comfortable,1
secure,1
cheap,1
affordable,1
free,1
discount,1
promo,1
profit,1
lucky,1
joyful,1
laugh,1
smile,1
optimistic,1
positive,1
spirit,1
motivation,1
inspiration,1
creative,1
solution,1
smart,1
intelligent,1
wise,1
fair,1
honest,1
patient,1
sincere,1
grateful,1
thank you,1